{
  "accuracy": 0.85,
  "precision": 1.0,
  "recall": 0.5714285714285714,
  "f1": 0.7272727272727273,
  "roc_auc": 0.8846153846153846,
  "pr_auc": 0.9071428571428571,
  "log_loss": 0.46141207694675296
}