{
  "accuracy": 0.8615819209039548,
  "precision": 0.8076923076923077,
  "recall": 0.3230769230769231,
  "f1": 0.46153846153846156,
  "roc_auc": 0.863561352142667,
  "pr_auc": 0.6338761384208997,
  "log_loss": 0.34894463687956473
}