{
  "accuracy": 0.7037037037037037,
  "precision": 0.3888888888888889,
  "recall": 0.5833333333333334,
  "f1": 0.4666666666666667,
  "roc_auc": 0.6875,
  "pr_auc": 0.43099365656562605,
  "log_loss": 0.6565862999695229
}