{
  "accuracy": 0.9285714285714286,
  "precision": 0.8,
  "recall": 1.0,
  "f1": 0.8888888888888888,
  "roc_auc": 0.9531249999999999,
  "pr_auc": 0.8522817460317461,
  "log_loss": 0.23651334304457583
}