{
  "accuracy": 0.95,
  "precision": 1.0,
  "recall": 0.8571428571428571,
  "f1": 0.9230769230769231,
  "roc_auc": 0.9230769230769231,
  "pr_auc": 0.9238095238095236,
  "log_loss": 0.3070410510679282
}