{
  "accuracy": 0.7870370370370371,
  "precision": 0.5714285714285714,
  "recall": 0.16666666666666666,
  "f1": 0.25806451612903225,
  "roc_auc": 0.6034226190476191,
  "pr_auc": 0.37536894448504116,
  "log_loss": 0.5304750737040326
}