{
  "accuracy": 0.6666666666666666,
  "precision": 0.0,
  "recall": 0.0,
  "f1": 0.0,
  "roc_auc": 0.9097222222222223,
  "pr_auc": 0.7944444444444445,
  "log_loss": 0.617109138095012
}