{
  "accuracy": 0.7777777777777778,
  "precision": 0.0,
  "recall": 0.0,
  "f1": 0.0,
  "roc_auc": 0.7145337301587301,
  "pr_auc": 0.41952887737856664,
  "log_loss": 0.4930565915117779
}