{
  "accuracy": 0.9279279279279279,
  "precision": 0.875,
  "recall": 0.8076923076923077,
  "f1": 0.84,
  "roc_auc": 0.9371040723981902,
  "pr_auc": 0.9174523904805486,
  "log_loss": 0.22096256930888986
}