{
  "accuracy": 0.75,
  "precision": 0.0,
  "recall": 0.0,
  "f1": 0.0,
  "roc_auc": 0.9366666666666666,
  "pr_auc": 0.8645940170940172,
  "log_loss": 0.4110411864677325
}