{
  "accuracy": 0.7777777777777778,
  "precision": 0.625,
  "recall": 0.8333333333333334,
  "f1": 0.7142857142857143,
  "roc_auc": 0.9027777777777778,
  "pr_auc": 0.8708333333333333,
  "log_loss": 0.3954363904416875
}