{
  "accuracy": 0.875,
  "precision": 0.7777777777777778,
  "recall": 0.7,
  "f1": 0.7368421052631579,
  "roc_auc": 0.9333333333333333,
  "pr_auc": 0.8570021645021646,
  "log_loss": 0.2931703580893739
}