{
  "accuracy": 0.8571428571428571,
  "precision": 0.8333333333333334,
  "recall": 0.625,
  "f1": 0.7142857142857143,
  "roc_auc": 0.975,
  "pr_auc": 0.9415178571428572,
  "log_loss": 0.24727339087266503
}