{
  "accuracy": 0.95,
  "precision": 1.0,
  "recall": 0.8571428571428571,
  "f1": 0.9230769230769231,
  "roc_auc": 0.8956043956043955,
  "pr_auc": 0.9159663865546218,
  "log_loss": 0.23853305020871565
}