{
  "accuracy": 0.963963963963964,
  "precision": 0.9230769230769231,
  "recall": 0.9230769230769231,
  "f1": 0.9230769230769231,
  "roc_auc": 0.9597285067873303,
  "pr_auc": 0.957395549172226,
  "log_loss": 0.1864156158444471
}