{
  "accuracy": 0.8926553672316384,
  "precision": 0.9354838709677419,
  "recall": 0.4461538461538462,
  "f1": 0.6041666666666666,
  "roc_auc": 0.8778280542986425,
  "pr_auc": 0.7431076856521963,
  "log_loss": 0.32362376493922884
}