{
  "accuracy": 0.9583333333333334,
  "precision": 0.8181818181818182,
  "recall": 1.0,
  "f1": 0.9,
  "roc_auc": 0.9971509971509971,
  "pr_auc": 0.9888888888888892,
  "log_loss": 0.16912107276229074
}