{
  "accuracy": 0.918918918918919,
  "precision": 0.8695652173913043,
  "recall": 0.7692307692307693,
  "f1": 0.8163265306122449,
  "roc_auc": 0.9300904977375567,
  "pr_auc": 0.9014715647556335,
  "log_loss": 0.232871722200121
}