{
  "accuracy": 0.7777777777777778,
  "precision": 0.5,
  "recall": 0.20833333333333334,
  "f1": 0.29411764705882354,
  "roc_auc": 0.6532738095238096,
  "pr_auc": 0.43252667600678946,
  "log_loss": 1.1557677183649806
}