{
  "accuracy": 0.8125,
  "precision": 0.0,
  "recall": 0.0,
  "f1": 0.0,
  "roc_auc": 0.8148148148148148,
  "pr_auc": 0.7285301930038772,
  "log_loss": 0.40010840286544974
}