{
  "accuracy": 0.7142857142857143,
  "precision": 0.0,
  "recall": 0.0,
  "f1": 0.0,
  "roc_auc": 0.940625,
  "pr_auc": 0.7541035353535354,
  "log_loss": 0.5580538682561057
}