{
  "accuracy": 0.9971751412429378,
  "precision": 0.9848484848484849,
  "recall": 1.0,
  "f1": 0.9923664122137404,
  "roc_auc": 0.9997870641469256,
  "pr_auc": 0.9990456285167824,
  "log_loss": 0.018857172563917605
}