{
  "accuracy": 0.9067796610169492,
  "precision": 0.8333333333333334,
  "recall": 0.6153846153846154,
  "f1": 0.7079646017699115,
  "roc_auc": 0.8738355070535001,
  "pr_auc": 0.7406359725405756,
  "log_loss": 0.3814568737885508
}