{
  "accuracy": 0.7916666666666666,
  "precision": 0.0,
  "recall": 0.0,
  "f1": 0.0,
  "roc_auc": 0.8105413105413105,
  "pr_auc": 0.6472001763668431,
  "log_loss": 0.35914769290053683
}