{
  "accuracy": 0.8888888888888888,
  "precision": 0.75,
  "recall": 1.0,
  "f1": 0.8571428571428571,
  "roc_auc": 0.9027777777777778,
  "pr_auc": 0.7884920634920634,
  "log_loss": 0.3563971348249876
}