{
  "accuracy": 0.8333333333333334,
  "precision": 0.6666666666666666,
  "recall": 1.0,
  "f1": 0.8,
  "roc_auc": 0.9583333333333334,
  "pr_auc": 0.9444444444444443,
  "log_loss": 0.3119157864733647
}