{
  "accuracy": 0.918918918918919,
  "precision": 0.8695652173913043,
  "recall": 0.7692307692307693,
  "f1": 0.8163265306122449,
  "roc_auc": 0.9325791855203619,
  "pr_auc": 0.9179470695048886,
  "log_loss": 0.2176164852358544
}