{
  "accuracy": 0.9099099099099099,
  "precision": 0.8636363636363636,
  "recall": 0.7307692307692307,
  "f1": 0.7916666666666666,
  "roc_auc": 0.9072398190045249,
  "pr_auc": 0.8611187168447543,
  "log_loss": 0.2749185469548126
}