{
  "accuracy": 0.875,
  "precision": 0.8,
  "recall": 0.4444444444444444,
  "f1": 0.5714285714285714,
  "roc_auc": 0.9045584045584045,
  "pr_auc": 0.7574157868275515,
  "log_loss": 0.3022961035971594
}