{
  "accuracy": 0.8571428571428571,
  "precision": 0.8333333333333334,
  "recall": 0.625,
  "f1": 0.7142857142857143,
  "roc_auc": 0.9562499999999999,
  "pr_auc": 0.8644345238095238,
  "log_loss": 0.3161462906967399
}