{
  "accuracy": 0.7685185185185185,
  "precision": 0.0,
  "recall": 0.0,
  "f1": 0.0,
  "roc_auc": 0.6763392857142857,
  "pr_auc": 0.3732072098952225,
  "log_loss": 0.4981563535419001
}