{
  "accuracy": 0.8163841807909604,
  "precision": 0.0,
  "recall": 0.0,
  "f1": 0.0,
  "roc_auc": 0.8632153313814215,
  "pr_auc": 0.6621195136074884,
  "log_loss": 0.39845660728998056
}