{
  "accuracy": 0.8125,
  "precision": 0.0,
  "recall": 0.0,
  "f1": 0.0,
  "roc_auc": 0.7321937321937321,
  "pr_auc": 0.4691485658590921,
  "log_loss": 0.4572416664502262
}