{
  "accuracy": 0.875,
  "precision": 0.8571428571428571,
  "recall": 0.6,
  "f1": 0.7058823529411765,
  "roc_auc": 0.9233333333333333,
  "pr_auc": 0.8637499999999999,
  "log_loss": 0.27974702889996234
}