{
  "accuracy": 0.7777777777777778,
  "precision": 0.625,
  "recall": 0.8333333333333334,
  "f1": 0.7142857142857143,
  "roc_auc": 0.7916666666666666,
  "pr_auc": 0.560515873015873,
  "log_loss": 0.5847120896623892
}