{
  "accuracy": 0.9,
  "precision": 1.0,
  "recall": 0.6,
  "f1": 0.75,
  "roc_auc": 0.9333333333333333,
  "pr_auc": 0.8790204678362572,
  "log_loss": 0.27180871705560883
}