{
  "accuracy": 0.9,
  "precision": 1.0,
  "recall": 0.7142857142857143,
  "f1": 0.8333333333333334,
  "roc_auc": 0.9670329670329669,
  "pr_auc": 0.9571428571428571,
  "log_loss": 0.3077141483649478
}